{
  "train_loss": [
    1.3573072950045268,
    0.5423978586991628,
    0.1662993227907767,
    0.04484709503594786,
    0.014493175341825312,
    0.03473969957752464,
    0.015954407797289606,
    0.05111257673476454,
    0.011094530952868808,
    0.03539502223626793,
    0.07402292693453395,
    0.0013022296345297946,
    0.0002666203894629386,
    0.00016998479986796156,
    0.00013254360981136416
  ],
  "train_acc": [
    29.096638655462186,
    75.57773109243698,
    95.22058823529412,
    99.0546218487395,
    99.63235294117646,
    99.63235294117646,
    99.68487394957984,
    99.0546218487395,
    99.78991596638656,
    99.42226890756302,
    98.84453781512605,
    99.94747899159664,
    100.0,
    100.0,
    100.0
  ],
  "val_loss": [
    1.0290968298912049,
    0.3150852009654045,
    0.010949002165580169,
    0.05591842540998186,
    7.282287524503772e-05,
    0.05492030700959276,
    0.025435118877783224,
    0.08771883444787817,
    0.059034683379218224,
    0.00011737424354123505,
    0.0011079084592552136,
    3.6275812817621043e-06,
    1.919178507137076e-06,
    1.1207159474224681e-06,
    6.673758278452624e-07
  ],
  "val_acc": [
    55.44871794871795,
    85.41666666666667,
    99.83974358974359,
    98.71794871794872,
    100.0,
    99.19871794871794,
    99.67948717948718,
    97.75641025641026,
    99.19871794871794,
    100.0,
    99.83974358974359,
    100.0,
    100.0,
    100.0,
    100.0
  ],
  "learning_rate": [
    0.001,
    0.001,
    0.001,
    0.001,
    0.001,
    0.001,
    0.001,
    0.001,
    0.001,
    0.001,
    0.0005,
    0.0005,
    0.0005,
    0.0005,
    0.0005
  ]
}